df1,df2,name1,birthdate1,name2,birthdate2,nat1,nat2,club1,club2,score,match
fm_14800,eafc_6506,Iñaki Peña,1999-03-02,Iñaki Peña,1999-03-02,ESP,Spain,Barcelona,FC Barcelona,1.0,True
fm_14174,eafc_5927,João Félix,1999-11-10,João Félix,1999-11-10,POR,Portugal,A. Madrid,FC Barcelona,1.0,True
fm_15631,eafc_1567,Sergi Enrich,1990-02-26,Sergi Enrich,1990-02-26,ESP,Spain,Oviedo,Real Zaragoza,1.0,True
fm_14533,eafc_6503,Adrià Pedrosa,1998-05-13,Adrià Pedrosa,1998-05-13,ESP,Spain,Espanyol,Sevilla,1.0,True
fm_10161,eafc_2377,Romarinho,1990-12-12,Romarinho,1990-12-12,BRA,Brazil,Al-Ittihad,Al Ittihad,1.0,True
fm_14277,eafc_5017,Luiz Felipe,1997-03-22,Luiz Felipe,1997-03-22,ITA,Italy,Real Hispalis,Al Ittihad,1.0,True
fm_15569,eafc_9145,Gonçalo Borges,2001-03-29,Gonçalo Borges,2001-03-29,POR,Portugal,FC Porto,Porto,1.0,True
fm_1247,eafc_5958,João Moutinho,1998-01-12,João Moutinho,1998-01-12,POR,Portugal,Orlando City,Spezia,1.0,True
fm_10558,eafc_11434,Zhang Wentao,1993-04-14,Zhang Wentao,1993-04-14,CHN,China PR,WH Three Towns,Wuhan Three Towns,1.0,True
fm_14468,eafc_1107,Joselu,1990-03-27,Joselu,1990-03-27,ESP,Spain,Espanyol,Real Madrid,1.0,True
fm_12609,eafc_6303,Vitinho,1999-07-23,Vitinho,1999-07-23,BRA,Brazil,Burnley,Burnley,1.0,True
fm_15462,eafc_5424,Oriol Busquets,1999-01-20,Oriol Busquets,1999-01-20,ESP,Spain,Arouca,Arouca,1.0,True
fm_15702,eafc_7639,Fali Candé,1998-01-24,Fali Candé,1998-01-24,GNB,Guinea Bissau,FC Metz,Metz,1.0,True
fm_10734,eafc_11578,Han Dong,2001-03-02,Han Dong,2001-03-02,CHN,China PR,Henan,Henan,1.0,True
fm_16546,eafc_8872,Naim García,2002-06-11,Naim García,2002-06-11,ESP,Spain,Leganés,Leganés,1.0,True
fm_14887,eafc_9453,Leonardo Lelo,2000-03-30,Leonardo Lelo,2000-03-30,POR,Portugal,Casa Pia,Casa Pia,1.0,True
fm_15129,eafc_6489,Andrés Martín,1999-07-11,Andrés Martín,1999-07-11,ESP,Spain,Vallecano,Racing Santander,1.0,True
fm_10247,eafc_11544,Zhu Chenjie,2000-08-23,Zhu Chenjie,2000-08-23,CHN,China PR,SH Shenhua,Shanghai Shenhua,1.0,True
fm_10458,eafc_11399,Lin Chuangyi,1993-01-28,Lin Chuangyi,1993-01-28,CHN,China PR,CZ Mighty Lions,Cangzhou Mighty Lions,1.0,True
fm_14929,eafc_9386,José Marsà,2002-03-04,José Marsà,2002-03-04,ESP,Spain,Sporting CP,FC Andorra,1.0,True
fm_15891,eafc_4592,João Graça,1995-06-18,João Graça,1995-06-18,POR,Portugal,Rio Ave,Rio Ave,1.0,True
fm_16031,eafc_8640,Oier Luengo,1997-11-11,Oier Luengo,1997-11-11,ESP,Spain,Oviedo,Real Oviedo,1.0,True
fm_10425,eafc_11436,Cui Wei,1994-08-16,Cui Wei,1994-08-16,CHN,China PR,Meizhou,Meizhou Hakka,1.0,True
fm_16047,eafc_6038,Álex Domínguez,1998-07-30,Álex Domínguez,1998-07-30,ESP,Spain,Las Palmas,Toulouse,1.0,True
fm_6271,eafc_6519,Arthur Cabral,1998-04-25,Arthur Cabral,1998-04-25,BRA,Brazil,Fiorentina,Benfica,1.0,True
fm_14225,eafc_3266,Dani Ceballos,1996-08-07,Dani Ceballos,1996-08-07,ESP,Spain,R. Madrid,Real Madrid,1.0,True
fm_14379,eafc_3403,David Soria,1993-04-04,David Soria,1993-04-04,ESP,Spain,Getafe,Getafe,1.0,True
fm_14603,eafc_5432,Óscar,1998-06-28,Óscar,1998-06-28,ESP,Spain,Vigo,Getafe,1.0,True
fm_14542,eafc_6666,Fran Navarro,1998-02-03,Fran Navarro,1998-02-03,ESP,Spain,Gil Vicente,Porto,1.0,True
fm_15487,eafc_9758,Clayton,1999-01-11,Clayton,1999-01-11,BRA,Brazil,Casa Pia,Casa Pia,1.0,True
fm_15380,eafc_2092,David Ferreiro,1988-04-01,David Ferreiro,1988-04-01,ESP,Spain,Cartagena,FC Cartagena,1.0,True
fm_10202,eafc_1597,Anselmo,1989-02-20,Anselmo,1989-02-20,BRA,Brazil,Al-Wehda,Al Wahda,1.0,True
fm_6990,eafc_7692,Leandro Sanca,2000-01-04,Leandro Sanca,2000-01-04,POR,Portugal,Spezia,Chaves,1.0,True
fm_10617,eafc_11427,Ye Chugui,1994-09-08,Ye Chugui,1994-09-08,CHN,China PR,GZ City,Meizhou Hakka,1.0,True
fm_6998,eafc_9358,Mario Gila,2000-08-29,Mario Gila,2000-08-29,ESP,Spain,Lazio,Lazio,1.0,True
fm_10656,eafc_11354,Yang Yihu,1991-09-16,Yang Yihu,1991-09-16,CHN,China PR,Meizhou,Meizhou Hakka,1.0,True
fm_14650,eafc_5794,Manu Vallejo,1997-02-14,Manu Vallejo,1997-02-14,ESP,Spain,Girona,Real Zaragoza,1.0,True
fm_1836,eafc_3115,Angeliño,1997-01-04,Angeliño,1997-01-04,ESP,Spain,Hoffenheim,Galatasaray,1.0,True
fm_14223,eafc_5760,Pau Torres,1997-01-16,Pau Torres,1997-01-16,ESP,Spain,Villarreal,Aston Villa,1.0,True
fm_10252,eafc_11407,Yin Hongbo,1989-10-30,Yin Hongbo,1989-10-30,CHN,China PR,Meizhou,Meizhou Hakka,1.0,True
fm_10652,eafc_11541,Zhao Jianfei,1999-01-21,Zhao Jianfei,1999-01-21,CHN,China PR,Shandong,Shandong Taishan,1.0,True
fm_14264,eafc_2662,Alex Telles,1992-12-15,Alex Telles,1992-12-15,BRA,Brazil,Sevilla,Al Nassr,1.0,True
fm_10962,eafc_11630,He Youzu,1998-10-26,He Youzu,1998-10-26,CHN,China PR,CZ Mighty Lions,Cangzhou Mighty Lions,1.0,True
fm_11263,eafc_2380,Fabinho,1993-10-23,Fabinho,1993-10-23,BRA,Brazil,Liverpool,Al Ittihad,1.0,True
fm_10679,eafc_11605,Niu Ziyi,1999-09-21,Niu Ziyi,1999-09-21,CHN,China PR,Henan,Henan,1.0,True
fm_14752,eafc_1590,Ignasi Miquel,1992-09-28,Ignasi Miquel,1992-09-28,ESP,Spain,Granada,Granada,1.0,True
fm_15212,eafc_7268,Robert Navarro,2002-04-12,Robert Navarro,2002-04-12,ESP,Spain,Real San Sebastián,Cádiz,1.0,True
fm_10990,eafc_11682,Yan Yu,2002-11-03,Yan Yu,2002-11-03,CHN,China PR,Beijing,Beijing Guoan,1.0,True
